{
    "learning_rate": [0.00001, 0.0001, 0.001, 0.01],
    "batch_size": [64],
    "num_epochs": [50],
    "weight_decay": [0, 0.00005, 0.0001, 0.0005, 0.001, 0.005, 0.01, 0.05, 0.1, 0.5],
    "l1_reg": [0, 0.00005, 0.0001, 0.0005, 0.001, 0.005, 0.01, 0.05, 0.1, 0.5]
}